,year,maxtemp,averagetemp,minimumtemp,state
0,1998,28.137,18.786833333333337,9.114,AL
1,1998,12.898,-3.063,-20.216,AK
2,1998,27.553,15.258083333333333,5.632000000000001,AZ
3,1998,29.056,17.487916666666667,6.694,AR
4,1998,25.137,13.905583333333333,5.4940000000000015,CA
5,1998,20.646,7.808333333333334,-3.4,CO
6,1998,22.031,11.117166666666668,1.1960000000000002,CT
7,1998,24.31900000000001,13.89033333333333,5.019,DE
8,1998,24.557,14.073583333333332,4.305,DC
9,1998,29.012,22.955249999999996,16.164,FL
10,1998,28.342,19.15833333333333,10.06,GA
11,1998,24.496,22.571250000000003,20.954,HI
12,1998,20.307,6.432166666666666,-5.952999999999999,ID
13,1998,24.613000000000003,13.229833333333332,0.1980000000000004,IL
14,1998,23.903,13.242583333333334,1.6780000000000004,IN
15,1998,23.991,11.053833333333335,-4.314,IA
16,1998,26.927000000000003,13.78575,0.4830000000000001,KS
17,1998,25.048,14.897916666666667,4.8450000000000015,KY
18,1998,29.89,20.643416666666667,12.054,LA
19,1998,18.955,6.562083333333331,-7.348,ME
20,1998,24.426,14.175666666666666,4.845,MD
21,1998,21.006,9.848250000000002,-1.3899999999999997,MA
22,1998,20.935,9.387000000000002,-3.446,MI
23,1998,20.948,7.432416666666668,-9.729,MN
24,1998,28.804,19.27508333333333,9.671,MS
25,1998,26.111,14.31075,1.7560000000000002,MO
26,1998,20.751,6.696583333333333,-7.364999999999998,MT
27,1998,24.467,10.608,-2.99,NE
28,1998,23.355,9.609583333333333,-1.3869999999999998,NV
29,1998,19.812,8.02075,-4.896000000000001,NH
30,1998,23.462,12.784999999999998,3.25,NJ
31,1998,23.96,12.57741666666667,2.609,NM
32,1998,20.898000000000003,9.686416666666668,-2.197,NY
33,1998,26.214,16.43566666666667,7.21,NC
34,1998,21.857,6.509083333333334,-11.814,ND
35,1998,23.181,12.644083333333334,2.138,OH
36,1998,30.324,17.063833333333335,4.8740000000000006,OK
37,1998,20.404000000000003,8.897083333333335,-0.98,OG
38,1998,22.044,11.472416666666668,1.4329999999999998,PA
39,1998,21.948,11.054333333333334,1.128,RI
40,1998,28.344,18.638749999999998,9.403,SC
41,1998,23.503,8.929083333333333,-6.8210000000000015,SD
42,1998,26.034,15.936083333333334,6.0520000000000005,TN
43,1998,30.463,19.608166666666666,8.978,TX
44,1998,22.765,8.716416666666666,-3.01,UT
45,1998,19.551,7.861250000000001,-5.366000000000001,VT
46,1998,24.722,14.636333333333333,5.151,VA
47,1998,20.35,9.123000000000001,-1.156,WA
48,1998,22.84800000000001,12.893083333333337,3.4360000000000004,WV
49,1998,21.109,8.905333333333335,-6.0310000000000015,WI
50,1998,20.151,6.04475,-5.891,WY
51,1999,28.234,18.271083333333337,8.661999999999999,AL
52,1999,11.814,-5.627833333333332,-22.132,AK
53,1999,25.96,16.00025,5.2940000000000005,AZ
54,1999,27.886000000000006,17.021000000000004,6.013,AR
55,1999,23.032,14.53525,7.2269999999999985,CA
56,1999,20.226,8.016166666666667,-2.657,CO
57,1999,23.404,10.844666666666667,-1.485,CT
58,1999,26.102,13.328999999999999,2.781,DE
59,1999,26.653,13.189000000000002,1.445,DC
60,1999,28.63000000000001,22.271916666666666,15.995,FL
61,1999,28.242,18.502916666666668,9.309,GA
62,1999,24.205,22.557083333333335,20.889,HI
63,1999,18.186,6.087000000000001,-4.17,ID
64,1999,26.396,12.33416666666667,-3.622,IL
65,1999,26.256,12.304999999999998,-2.4530000000000003,IN
66,1999,25.671,10.417416666666666,-7.77,IA
67,1999,27.432,13.613916666666668,-0.036,KS
68,1999,26.873,14.328249999999999,2.907,KY
69,1999,29.641,20.251833333333334,10.918,LA
70,1999,19.925,6.748499999999999,-9.344,ME
71,1999,26.274,13.406333333333336,2.531,MD
72,1999,22.47,9.567333333333332,-4.042,MA
73,1999,22.25500000000001,8.352500000000001,-7.366,MI
74,1999,22.122,6.7813333333333325,-13.075,MN
75,1999,28.687,18.82766666666667,9.037,MS
76,1999,27.228,13.866166666666667,-0.8360000000000001,MO
77,1999,19.304,6.798750000000001,-5.597999999999999,MT
78,1999,24.926,10.801666666666668,-3.2060000000000004,NE
79,1999,22.06900000000001,10.326416666666669,-0.0769999999999999,NV
80,1999,21.189,7.667916666666667,-7.324,NH
81,1999,25.552,12.170250000000001,0.248,NJ
82,1999,22.864,12.6245,1.185,NM
83,1999,22.673,8.915083333333332,-5.757000000000001,NY
84,1999,26.405,15.809583333333334,6.778,NC
85,1999,21.039,6.4188333333333345,-13.613,ND
86,1999,25.633000000000006,11.731250000000001,-1.83,OH
87,1999,29.021,16.691583333333334,4.466,OK
88,1999,18.149,8.540999999999999,1.009,OG
89,1999,24.092,10.545833333333334,-2.458,PA
90,1999,23.317,10.823083333333331,-1.477,RI
91,1999,28.177,17.95275,8.824,SC
92,1999,23.422,9.10275,-7.844000000000001,SD
93,1999,26.738000000000003,15.42075,5.382000000000001,TN
94,1999,29.36,19.383166666666664,9.213,TX
95,1999,21.673,9.225583333333335,-2.232,UT
96,1999,21.085,7.423416666666665,-7.841000000000001,VT
97,1999,25.929,13.973166666666666,4.23,VA
98,1999,18.517,8.242666666666667,0.9210000000000004,WA
99,1999,24.959000000000003,12.188749999999999,1.4169999999999998,WV
100,1999,22.834000000000003,7.84,-10.537,WI
101,1999,19.067,6.413333333333333,-4.02,WY
102,2000,28.149,17.91133333333333,4.223999999999998,AL
103,2000,11.046,-3.3017499999999997,-20.109,AK
104,2000,27.692,16.510250000000003,6.513000000000001,AZ
105,2000,29.199,16.362583333333337,-0.088,AR
106,2000,23.915,15.019333333333334,7.667000000000001,CA
107,2000,21.021,8.204833333333333,-3.935,CO
108,2000,20.385,9.581,-3.029,CT
109,2000,22.817,12.347583333333334,-0.3339999999999996,DE
110,2000,22.808000000000003,12.277750000000003,-2.057,DC
111,2000,28.1,21.951999999999998,14.529000000000002,FL
112,2000,27.622,17.92066666666667,5.257999999999999,GA
113,2000,24.801,22.941500000000005,20.747,HI
114,2000,19.002,6.239000000000001,-5.141,ID
115,2000,24.232,11.582916666666668,-7.593,IL
116,2000,23.04,11.415916666666668,-6.72,IN
117,2000,23.491,9.809666666666669,-11.615,IA
118,2000,28.716,13.343583333333335,-4.235,KS
119,2000,24.329,13.479500000000002,-2.8760000000000003,KY
120,2000,29.405,19.913249999999998,6.819,LA
121,2000,17.54,5.210583333333332,-9.574,ME
122,2000,22.802,12.51333333333333,-1.145,MD
123,2000,19.277,8.286750000000001,-5.273,MA
124,2000,19.315,7.579833333333334,-8.259,MI
125,2000,20.592,5.710249999999999,-15.975,MN
126,2000,29.067,18.429333333333332,4.051,MS
127,2000,26.996,13.196750000000003,-5.89,MO
128,2000,20.371,5.835833333333333,-9.119,MT
129,2000,25.026,10.194666666666668,-7.439999999999999,NE
130,2000,22.663,10.847500000000002,0.8780000000000001,NV
131,2000,18.071,6.2909999999999995,-8.541,NH
132,2000,21.741,11.076500000000001,-1.962,NJ
133,2000,24.048,13.075750000000001,1.645,NM
134,2000,19.38,7.737916666666667,-6.549,NY
135,2000,24.643,15.09991666666667,2.0980000000000003,NC
136,2000,21.355,5.364250000000001,-16.094,ND
137,2000,21.813,10.875333333333332,-5.53,OH
138,2000,30.245,16.142583333333334,-0.3250000000000002,OK
139,2000,18.377,8.677999999999999,0.236,OG
140,2000,20.392,9.674833333333334,-4.856,PA
141,2000,20.306,9.552916666666667,-2.9960000000000004,RI
142,2000,27.076,17.322833333333335,4.315,SC
143,2000,23.409,8.096166666666667,-11.564,SD
144,2000,25.498,14.701333333333332,-0.7089999999999996,TN
145,2000,29.292,19.238000000000003,5.651,TX
146,2000,22.981,9.761166666666666,-1.476,UT
147,2000,17.938,6.032416666666666,-8.898000000000003,VT
148,2000,23.195,13.203583333333334,-0.7320000000000002,VA
149,2000,17.559,7.859916666666666,-1.504,WA
150,2000,21.747,11.466083333333332,-3.2960000000000003,WV
151,2000,20.191,7.023666666666667,-12.343,WI
152,2000,20.241,6.0879166666666675,-6.959,WY
153,2001,27.06600000000001,17.67775,5.3580000000000005,AL
154,2001,11.184,-3.727833333333333,-19.749,AK
155,2001,26.844,16.257749999999998,4.21,AZ
156,2001,28.114,16.5075,2.883,AR
157,2001,24.423,15.171249999999995,5.767,CA
158,2001,21.305,8.142916666666666,-4.38,CO
159,2001,22.838,10.547333333333336,-2.293,CT
160,2001,24.814,13.097999999999999,0.401,DE
161,2001,24.933000000000003,12.993583333333335,-0.419,DC
162,2001,27.844,22.157083333333336,12.435,FL
163,2001,26.792,18.229166666666668,6.688,GA
164,2001,25.031,23.06425,21.23,HI
165,2001,19.866,6.429333333333333,-6.218999999999999,ID
166,2001,24.897,12.222416666666666,-3.134,IL
167,2001,24.047,12.26525,-2.579,IN
168,2001,24.702,10.06375,-7.282999999999999,IA
169,2001,28.769,13.53566666666667,-0.815,KS
170,2001,25.177,14.018666666666668,-0.057,KY
171,2001,28.409,19.625083333333333,7.836,LA
172,2001,19.579,6.133166666666665,-9.577,ME
173,2001,24.702,13.182666666666664,0.3939999999999999,MD
174,2001,21.935,9.195916666666667,-4.460999999999999,MA
175,2001,21.205,8.524333333333333,-5.1610000000000005,MI
176,2001,21.556,6.377000000000002,-13.658,MN
177,2001,27.858,18.16225,5.42,MS
178,2001,26.653,13.57725,-1.432,MO
179,2001,20.663,6.581,-8.686,MT
180,2001,25.505,10.420250000000001,-5.574999999999998,NE
181,2001,23.571,10.878166666666667,-1.716,NV
182,2001,20.713,7.272749999999999,-7.5230000000000015,NH
183,2001,24.125,11.940083333333334,-1.328,NJ
184,2001,24.347,12.741500000000002,-0.1559999999999999,NM
185,2001,21.99,8.922833333333335,-4.885,NY
186,2001,25.341,15.64925,4.339,NC
187,2001,21.74,5.998,-14.559,ND
188,2001,23.421,11.732666666666669,-2.32,OH
189,2001,30.336,16.410583333333335,2.323,OK
190,2001,19.57,8.882666666666665,-0.037,OG
191,2001,22.795,10.52375,-2.8720000000000003,PA
192,2001,22.774,10.501416666666666,-2.337,RI
193,2001,27.104,17.894583333333333,6.681,SC
194,2001,24.119,8.419749999999999,-10.608,SD
195,2001,25.441,14.884833333333333,1.463,TN
196,2001,29.721,18.82975,6.529,TX
197,2001,22.33,9.655916666666666,-4.277,UT
198,2001,20.626,7.117583333333333,-7.612000000000001,VT
199,2001,24.48,13.741166666666663,1.5579999999999998,VA
200,2001,18.76,8.284,-0.3209999999999997,WA
201,2001,23.222,12.024333333333333,-1.0750000000000002,WV
202,2001,21.439,7.817916666666666,-9.129,WI
203,2001,20.472,6.431833333333333,-6.44,WY
204,2002,27.44100000000001,18.022166666666667,7.669,AL
205,2002,11.890999999999998,-2.2389166666666678,-15.633,AK
206,2002,28.216,16.256416666666663,4.7780000000000005,AZ
207,2002,27.402,16.198583333333335,5.856,AR
208,2002,25.204,15.037583333333332,5.816999999999998,CA
209,2002,21.764,7.7209166666666675,-4.019,CO
210,2002,22.553,10.722916666666665,-0.062,CT
211,2002,25.256,13.626750000000001,2.145,DE
212,2002,25.759,13.463583333333338,0.6920000000000001,DC
213,2002,27.815,22.43116666666667,15.179,FL
214,2002,27.609,18.524166666666666,8.089,GA
215,2002,24.992,23.105583333333332,20.649,HI
216,2002,20.432,5.7764999999999995,-5.632999999999999,ID
217,2002,26.164,12.111083333333333,0.35,IL
218,2002,25.871,12.251333333333333,0.0479999999999999,IN
219,2002,25.542,10.084166666666667,-1.5489999999999997,IA
220,2002,27.645000000000003,13.167416666666666,1.0969999999999995,KS
221,2002,26.369,14.203083333333332,2.6590000000000003,KY
222,2002,28.334000000000003,19.66591666666667,10.024,LA
223,2002,19.33,5.629833333333333,-6.166,ME
224,2002,25.51,13.725499999999998,1.6109999999999998,MD
225,2002,21.702,9.300166666666668,-2.333,MA
226,2002,22.563,7.954833333333333,-2.689,MI
227,2002,22.652,5.822416666666668,-7.497999999999998,MN
228,2002,27.872,18.352333333333334,8.318999999999999,MS
229,2002,26.785,13.360583333333333,1.918,MO
230,2002,21.067,5.324583333333334,-6.82,MT
231,2002,26.353,10.257666666666667,-1.3810000000000002,NE
232,2002,24.81,10.498083333333334,-1.096,NV
233,2002,20.361,7.188916666666667,-5.153,NH
234,2002,24.55,12.355833333333335,0.475,NJ
235,2002,23.628,12.638166666666665,1.272,NM
236,2002,21.993,8.904416666666666,-3.3640000000000003,NY
237,2002,26.481,16.012416666666667,5.084,NC
238,2002,22.829,5.3631666666666655,-8.419,ND
239,2002,25.007,11.849166666666667,-0.492,OH
240,2002,27.891,15.671083333333334,4.773,OK
241,2002,20.276000000000003,8.806166666666668,-0.01,OG
242,2002,23.349,10.738249999999999,-1.84,PA
243,2002,22.461,10.671333333333335,-0.059,RI
244,2002,28.122,18.146,7.416,SC
245,2002,25.632,8.265666666666668,-5.095,SD
246,2002,26.353,15.105916666666667,4.169,TN
247,2002,28.56,18.504166666666666,8.458,TX
248,2002,24.226,9.074166666666667,-3.792,UT
249,2002,20.148,7.013333333333332,-5.354,VT
250,2002,25.461,14.16558333333333,2.451,VA
251,2002,19.015,8.288750000000002,0.1550000000000002,WA
252,2002,24.084000000000003,12.365500000000003,0.614,WV
253,2002,23.018,7.421666666666666,-3.95,WI
254,2002,21.162,5.415083333333334,-6.315,WY
255,2003,26.923,17.513166666666667,4.84,AL
256,2003,11.912,-2.8044999999999995,-17.527,AK
257,2003,29.006,16.676166666666667,5.835,AZ
258,2003,27.592,16.045333333333332,2.7540000000000004,AR
259,2003,25.903,15.39141666666667,6.689,CA
260,2003,22.484,8.253666666666668,-3.404,CO
261,2003,22.738000000000003,9.429833333333333,-4.88,CT
262,2003,24.456,12.114833333333335,-1.508,DE
263,2003,24.89,12.072750000000001,-2.337,DC
264,2003,27.722,22.178916666666666,12.145,FL
265,2003,26.773000000000003,17.965166666666665,6.197,GA
266,2003,25.226,23.260916666666663,21.132,HI
267,2003,21.23,7.068083333333333,-3.406,ID
268,2003,24.692,11.293416666666667,-4.815,IL
269,2003,24.013,11.151833333333334,-5.311999999999999,IN
270,2003,24.239,9.453333333333333,-6.622000000000001,IA
271,2003,28.178,13.074833333333332,-0.2469999999999999,KS
272,2003,24.989,13.300583333333334,-1.875,KY
273,2003,28.433000000000003,19.514083333333335,7.939,LA
274,2003,19.008,4.91275,-12.446,ME
275,2003,24.642,12.356916666666669,-1.604,MD
276,2003,21.766,8.068333333333333,-7.867999999999999,MA
277,2003,20.803,6.962750000000001,-8.45,MI
278,2003,21.686,5.585583333333332,-12.05,MN
279,2003,27.727,17.948583333333332,5.231,MS
280,2003,26.597,12.883666666666668,-2.388,MO
281,2003,21.497,6.4175,-6.121,MT
282,2003,25.281,10.194916666666666,-3.796,NE
283,2003,25.160000000000004,11.274916666666664,0.361,NV
284,2003,20.34,6.101916666666668,-11.133,NH
285,2003,23.814,10.89391666666667,-3.499,NJ
286,2003,25.244,13.230416666666665,2.602,NM
287,2003,21.533,7.595416666666666,-9.049,NY
288,2003,25.656,15.271500000000003,2.6790000000000003,NC
289,2003,22.898000000000003,5.285416666666667,-12.563,ND
290,2003,23.199,10.582416666666665,-5.523,OH
291,2003,29.083,15.935583333333335,3.088,OK
292,2003,21.004,9.564250000000001,1.239,OG
293,2003,22.433000000000003,9.424916666666666,-5.880000000000001,PA
294,2003,22.678,9.391583333333333,-4.901,RI
295,2003,26.866,17.39375,5.761,SC
296,2003,24.314,8.169583333333334,-7.199,SD
297,2003,25.495,14.431,0.2009999999999996,TN
298,2003,28.594,18.75575,7.842,TX
299,2003,24.707,10.029916666666665,-1.307,UT
300,2003,20.212,5.9025,-11.594,VT
301,2003,24.71,13.208833333333331,-0.337,VA
302,2003,19.872,9.032333333333336,-0.219,WA
303,2003,23.17,11.358916666666667,-3.216,WV
304,2003,21.578000000000003,6.639833333333333,-9.741,WI
305,2003,21.411,6.36075,-6.24,WY
306,2004,26.8,17.8385,7.002999999999999,AL
307,2004,14.112,-2.7365833333333334,-20.403,AK
308,2004,27.013,15.83975,5.541,AZ
309,2004,25.882,16.4005,4.9140000000000015,AR
310,2004,24.515,15.068750000000001,6.494,CA
311,2004,18.986,7.617416666666666,-3.645,CO
312,2004,21.128,9.707416666666669,-6.3,CT
313,2004,23.967,12.72358333333333,-2.351,DE
314,2004,24.368,12.786583333333333,-2.789,DC
315,2004,28.033,22.140916666666666,14.581,FL
316,2004,27.19,18.273416666666666,7.718,GA
317,2004,25.342,23.434833333333334,21.551,HI
318,2004,18.897,6.38675,-5.997000000000001,ID
319,2004,23.192,11.761416666666664,-3.87,IL
320,2004,23.061,11.772916666666667,-3.819,IN
321,2004,22.19,9.748083333333334,-7.358,IA
322,2004,24.53700000000001,13.0685,-0.8300000000000001,KS
323,2004,24.118,13.883750000000004,0.251,KY
324,2004,27.837,19.88525,9.834,LA
325,2004,18.296,4.840416666666667,-14.121,ME
326,2004,24.254,12.989333333333336,-1.858,MD
327,2004,20.338,8.336166666666665,-8.799,MA
328,2004,19.294,7.267166666666665,-9.459,MI
329,2004,19.605,5.402833333333334,-14.686,MN
330,2004,27.059,18.331999999999997,7.835,MS
331,2004,24.108,13.109000000000002,-1.237,MO
332,2004,19.134,6.108499999999999,-8.389999999999999,MT
333,2004,22.661,10.177666666666667,-4.3980000000000015,NE
334,2004,23.360000000000007,10.456833333333336,-1.439,NV
335,2004,19.298,6.262583333333333,-12.332,NH
336,2004,22.887,11.47525,-4.489,NJ
337,2004,22.845,12.164333333333332,1.7869999999999997,NM
338,2004,20.431,7.904000000000001,-10.121,NY
339,2004,25.617,15.621250000000002,3.539,NC
340,2004,20.051,5.124833333333332,-15.366,ND
341,2004,22.659,11.178083333333333,-4.541,OH
342,2004,26.151,16.01925,4.172,OK
343,2004,19.835,9.285166666666667,0.047,OG
344,2004,21.452,9.988166666666666,-6.26,PA
345,2004,21.078000000000007,9.661000000000001,-6.319,RI
346,2004,27.309,17.796499999999998,6.559,SC
347,2004,22.06900000000001,8.273583333333333,-8.629000000000001,SD
348,2004,24.662,14.941333333333334,2.779,TN
349,2004,27.353,18.580249999999996,8.510000000000002,TX
350,2004,21.944000000000003,8.988583333333334,-4.474,UT
351,2004,19.277,6.0222500000000005,-12.970999999999998,VT
352,2004,24.295,13.698,0.2,VA
353,2004,19.683,9.111833333333335,-1.354,WA
354,2004,22.509,11.934000000000003,-2.3470000000000004,WV
355,2004,19.721,6.818999999999999,-11.342,WI
356,2004,18.281,6.000333333333334,-5.837999999999999,WY
357,2005,27.514,17.85725,6.6370000000000005,AL
358,2005,12.364,-2.80725,-17.000999999999998,AK
359,2005,28.44,16.267083333333336,6.3260000000000005,AZ
360,2005,28.29,16.873583333333332,4.512,AR
361,2005,25.731,14.919666666666666,6.816,CA
362,2005,21.23,8.102083333333335,-3.715,CO
363,2005,23.074,10.121,-3.209,CT
364,2005,25.327,12.74825,0.511,DE
365,2005,25.668000000000006,12.818666666666667,0.2699999999999998,DC
366,2005,28.827,22.105500000000003,14.833,FL
367,2005,27.604,18.173916666666667,7.656000000000001,GA
368,2005,25.21,23.255,21.244,HI
369,2005,19.261,6.063250000000001,-5.8180000000000005,ID
370,2005,25.071,12.353583333333335,-2.939,IL
371,2005,24.757,12.112666666666668,-2.642,IN
372,2005,24.532,10.374833333333333,-6.7040000000000015,IA
373,2005,26.548,13.518666666666666,-1.0690000000000002,KS
374,2005,26.105,14.095500000000001,0.752,KY
375,2005,28.969,20.077,9.901,LA
376,2005,19.257,5.657416666666666,-11.254,ME
377,2005,25.465,12.995333333333333,1.158,MD
378,2005,21.923,8.811666666666666,-5.692,MA
379,2005,21.501,8.096333333333334,-7.338999999999999,MI
380,2005,21.714,6.387083333333333,-13.165,MN
381,2005,28.417,18.477,7.296,MS
382,2005,26.165,13.791666666666664,-0.5750000000000001,MO
383,2005,19.92,6.199000000000001,-7.871999999999999,MT
384,2005,24.95,10.653,-4.835,NE
385,2005,24.555000000000003,10.356750000000002,-0.1499999999999999,NV
386,2005,20.806,6.921166666666667,-8.999,NH
387,2005,24.591,11.641916666666665,-1.7000000000000002,NJ
388,2005,24.295,12.798250000000001,2.53,NM
389,2005,22.462000000000003,8.511666666666667,-6.959,NY
390,2005,26.658,15.660583333333335,4.751,NC
391,2005,21.485,6.095499999999999,-14.057,ND
392,2005,24.589,11.396666666666667,-2.443,OH
393,2005,27.394,16.355,3.666,OK
394,2005,19.682,8.840000000000002,-0.1029999999999999,OG
395,2005,23.468000000000004,10.218,-2.9570000000000003,PA
396,2005,22.98,10.071083333333332,-3.189,RI
397,2005,27.896,17.73,7.278,SC
398,2005,24.014000000000006,8.820166666666667,-8.378,SD
399,2005,26.387,15.077499999999999,2.502,TN
400,2005,28.315,18.954583333333336,8.425,TX
401,2005,23.447,9.326666666666666,-1.975,UT
402,2005,20.811,6.792916666666667,-9.414,VT
403,2005,25.592,13.688249999999998,1.878,VA
404,2005,18.709,8.53175,-1.485,WA
405,2005,24.184,11.980416666666668,-0.7020000000000001,WV
406,2005,21.808000000000003,7.6615,-9.394,WI
407,2005,20.205,6.2268333333333326,-6.051,WY
408,2006,28.479,18.29575,8.016,AL
409,2006,11.822,-4.1160000000000005,-22.745,AK
410,2006,28.201,16.220166666666668,5.057,AZ
411,2006,28.3,16.949,5.019,AR
412,2006,26.279,14.945416666666665,6.676,CA
413,2006,21.047,7.9735000000000005,-3.238,CO
414,2006,23.14,11.025416666666667,-0.6049999999999998,CT
415,2006,25.28,13.668333333333331,2.415,DE
416,2006,25.83,13.588583333333332,1.982,DC
417,2006,28.545,22.392,15.264,FL
418,2006,28.074,18.6015,9.037,GA
419,2006,24.845,23.03441666666667,20.781,HI
420,2006,21.068,6.43225,-4.678999999999999,ID
421,2006,25.593000000000004,12.576833333333333,-0.4390000000000001,IL
422,2006,24.923,12.418750000000001,0.0390000000000001,IN
423,2006,25.22,10.797833333333335,-3.412,IA
424,2006,27.814,14.070916666666669,1.4680000000000002,KS
425,2006,25.713,14.110750000000001,2.322,KY
426,2006,29.057,20.227833333333333,10.794,LA
427,2006,20.406,6.803,-7.181,ME
428,2006,25.42,13.737083333333336,2.503,MD
429,2006,22.603,9.739083333333333,-2.665,MA
430,2006,22.044,8.637333333333332,-5.015,MI
431,2006,23.164,7.095833333333334,-10.477,MN
432,2006,28.962000000000003,18.77416666666667,8.142000000000001,MS
433,2006,26.704,14.110750000000001,1.255,MO
434,2006,21.958,6.911416666666667,-5.0790000000000015,MT
435,2006,25.934,10.915416666666665,-2.207,NE
436,2006,24.808000000000003,10.466416666666666,-0.8909999999999999,NV
437,2006,21.524,7.893750000000001,-5.395,NH
438,2006,24.688,12.519916666666667,0.815,NJ
439,2006,24.017,12.83475,1.223,NM
440,2006,22.479000000000006,9.28575,-3.5210000000000004,NY
441,2006,26.223000000000003,15.863583333333331,5.789999999999999,NC
442,2006,23.739,6.9141666666666675,-9.095,ND
443,2006,24.14,11.903166666666666,-0.1430000000000002,OH
444,2006,29.335,17.10775,5.224,OK
445,2006,20.709000000000003,8.960333333333333,0.419,OG
446,2006,23.298,10.9315,-1.018,PA
447,2006,23.082,10.989166666666664,-0.6409999999999999,RI
448,2006,27.68,18.011666666666667,8.414,SC
449,2006,26.116,9.299999999999999,-4.852,SD
450,2006,26.499,15.16925,3.61,TN
451,2006,28.901,19.589583333333334,8.874,TX
452,2006,23.578000000000003,9.240666666666668,-2.609,UT
453,2006,21.365,7.6827499999999995,-5.78,VT
454,2006,25.25,14.07575,3.253,VA
455,2006,19.816,8.675333333333334,-0.769,WA
456,2006,23.601,12.230416666666665,0.89,WV
457,2006,22.96,8.152083333333334,-7.205,WI
458,2006,21.396,6.427583333333334,-5.684,WY
459,2007,29.61,18.423333333333332,7.468,AL
460,2007,13.289,-3.252416666666667,-19.423,AK
461,2007,28.01,16.44333333333333,3.572,AZ
462,2007,29.226,16.833666666666662,4.437,AR
463,2007,24.957,15.06241666666667,5.159000000000002,CA
464,2007,21.032,7.827916666666667,-7.095,CO
465,2007,21.513,10.097666666666667,-3.877,CT
466,2007,24.22,13.013,-1.4380000000000002,DE
467,2007,24.944000000000003,13.133416666666667,-2.353,DC
468,2007,29.073,22.588083333333334,15.241,FL
469,2007,28.98,18.752333333333336,8.595,GA
470,2007,24.575,23.001333333333335,20.963,HI
471,2007,22.079,6.739416666666666,-7.127999999999999,ID
472,2007,26.195,12.372166666666665,-5.415,IL
473,2007,25.716,12.359416666666668,-6.178999999999999,IN
474,2007,24.244,10.009666666666668,-8.481,IA
475,2007,27.945,13.084083333333334,-2.7460000000000004,KS
476,2007,27.661,14.567750000000002,-1.3389999999999995,KY
477,2007,29.323,20.020999999999997,9.911,LA
478,2007,18.268,5.080583333333333,-11.06,ME
479,2007,24.814,13.330833333333333,-1.5870000000000002,MD
480,2007,20.777,8.638416666666666,-6.026,MA
481,2007,20.756,8.095666666666668,-8.963999999999997,MI
482,2007,21.765,5.993833333333334,-13.342,MN
483,2007,29.679,18.85108333333333,8.104,MS
484,2007,27.987,13.76033333333333,-1.6789999999999998,MO
485,2007,23.112,6.726916666666667,-5.977,MT
486,2007,25.165,10.297833333333331,-5.605,NE
487,2007,25.112,10.84533333333333,-2.9080000000000004,NV
488,2007,19.213,6.445833333333334,-9.552,NH
489,2007,23.073,11.736083333333335,-3.201,NJ
490,2007,23.53,12.487,-0.843,NM
491,2007,20.725,8.206416666666668,-8.190000000000001,NY
492,2007,27.405,16.21791666666667,4.183999999999998,NC
493,2007,23.323,5.769916666666667,-13.257,ND
494,2007,24.421,11.646999999999998,-6.5920000000000005,OH
495,2007,28.658,15.931333333333335,1.888,OK
496,2007,20.999,8.895833333333332,-1.116,OG
497,2007,22.249,10.247333333333334,-6.214,PA
498,2007,21.481,10.050916666666668,-3.818,RI
499,2007,29.175,18.37916666666667,7.693,SC
500,2007,25.14,8.565,-8.966000000000003,SD
501,2007,28.454,15.723,2.095,TN
502,2007,28.031,18.33758333333333,5.734,TX
503,2007,24.267,9.664333333333333,-5.547999999999999,UT
504,2007,18.944000000000003,6.234333333333332,-10.119,VT
505,2007,25.914,14.174333333333335,-0.0099999999999997,VA
506,2007,20.208,8.302416666666666,-2.084,WA
507,2007,24.545,12.28025,-3.988,WV
508,2007,21.06600000000001,7.4899166666666686,-10.957,WI
509,2007,21.704,6.510583333333333,-8.306000000000001,WY
510,2008,27.218000000000004,17.5695,6.377999999999999,AL
511,2008,10.936,-4.864083333333334,-20.132,AK
512,2008,27.165,15.916333333333329,4.016,AZ
513,2008,27.337000000000003,15.761750000000001,3.939,AR
514,2008,24.726,15.071166666666668,5.119,CA
515,2008,20.797,7.088583333333335,-6.4910000000000005,CO
516,2008,22.814,10.328499999999998,-0.3789999999999998,CT
517,2008,24.783,13.05175,2.367,DE
518,2008,24.947000000000006,12.764000000000001,1.531,DC
519,2008,27.793000000000006,22.106583333333333,15.325,FL
520,2008,26.979,18.050333333333334,7.614,GA
521,2008,24.259,22.75341666666667,20.858,HI
522,2008,19.087,5.509333333333333,-7.587000000000001,ID
523,2008,24.111,10.841916666666668,-3.076,IL
524,2008,23.769,11.100166666666667,-2.037,IN
525,2008,23.681,8.356083333333332,-7.912999999999999,IA
526,2008,26.449,12.26291666666667,-1.171,KS
527,2008,24.598000000000003,13.2845,0.764,KY
528,2008,28.639000000000006,19.620833333333334,9.297,LA
529,2008,19.82,5.562000000000001,-7.452999999999999,ME
530,2008,24.645,13.064666666666666,2.165,MD
531,2008,22.032,8.8485,-2.641,MA
532,2008,20.366,7.0261666666666684,-7.269,MI
533,2008,20.584,4.3685,-13.682,MN
534,2008,28.0,17.981166666666667,6.791,MS
535,2008,25.37,12.262916666666667,-0.73,MO
536,2008,19.354,5.283,-10.105,MT
537,2008,24.438,9.005916666666668,-5.85,NE
538,2008,23.715000000000003,10.222166666666666,-2.925,NV
539,2008,20.637,6.828666666666668,-5.575,NH
540,2008,24.205,11.761583333333334,0.7869999999999999,NJ
541,2008,22.616,12.206499999999998,0.187,NM
542,2008,21.446,8.29275,-4.208,NY
543,2008,25.42,15.533333333333331,4.739,NC
544,2008,21.13000000000001,4.399083333333334,-14.785,ND
545,2008,23.178,10.764833333333334,-1.7180000000000002,OH
546,2008,28.03700000000001,15.637416666666669,3.618,OK
547,2008,19.062,8.315166666666666,-1.939,OG
548,2008,22.432,9.896333333333336,-1.999,PA
549,2008,22.762,10.28175,-0.3719999999999999,RI
550,2008,27.159,17.67716666666667,7.081,SC
551,2008,23.149,6.9522499999999985,-9.717,SD
552,2008,25.306,14.4525,2.324,TN
553,2008,28.459,18.712,7.673999999999999,TX
554,2008,23.024,8.630916666666666,-5.654,UT
555,2008,20.278,6.623,-6.0520000000000005,VT
556,2008,24.278,13.57783333333333,2.391,VA
557,2008,18.132,7.685916666666667,-3.177,WA
558,2008,22.513,11.478416666666668,-0.22,WV
559,2008,20.857000000000006,5.903583333333334,-9.991,WI
560,2008,19.748,5.06675,-8.551,WY
561,2009,26.887,17.60683333333333,7.318999999999999,AL
562,2009,13.637,-3.9795,-20.473,AK
563,2009,28.474,16.188499999999998,3.588,AZ
564,2009,26.371,15.81225,3.5,AR
565,2009,25.301,15.004249999999999,5.357,CA
566,2009,19.548,7.219166666666666,-6.979,CO
567,2009,22.308000000000003,9.744250000000001,-4.8180000000000005,CT
568,2009,24.706,12.540583333333336,-1.0499999999999998,DE
569,2009,24.831,12.437666666666667,-2.133,DC
570,2009,28.199,22.291583333333335,14.817,FL
571,2009,27.111,18.035083333333336,8.378,GA
572,2009,24.976,22.8195,20.243,HI
573,2009,18.651,5.664250000000002,-7.598000000000001,ID
574,2009,22.947,11.129999999999997,-6.058,IL
575,2009,22.74,11.207583333333334,-5.636,IN
576,2009,21.247000000000003,8.796583333333333,-9.587,IA
577,2009,24.808000000000003,12.294000000000004,-2.9560000000000004,KS
578,2009,23.917,13.326250000000002,-1.041,KY
579,2009,28.44100000000001,19.73466666666667,9.172,LA
580,2009,19.068,5.165666666666667,-13.102,ME
581,2009,24.755,12.711916666666667,-1.179,MD
582,2009,21.345,8.377500000000001,-7.446000000000001,MA
583,2009,18.929,6.8675,-10.257,MI
584,2009,18.377,4.767166666666667,-16.131,MN
585,2009,27.403,18.131583333333335,7.3290000000000015,MS
586,2009,24.233,12.5615,-2.439,MO
587,2009,18.24,5.145416666666667,-11.161,MT
588,2009,21.786,8.941583333333332,-7.241,NE
589,2009,23.596,10.204500000000001,-3.71,NV
590,2009,19.861,6.359916666666667,-10.91,NH
591,2009,23.676,11.255583333333334,-3.3600000000000003,NJ
592,2009,24.101,12.502666666666665,-0.4430000000000001,NM
593,2009,20.849,7.883749999999999,-8.828,NY
594,2009,25.532,15.304916666666669,4.01,NC
595,2009,18.603,3.995083333333333,-14.654000000000002,ND
596,2009,22.328000000000003,10.731416666666668,-5.92,OH
597,2009,27.495,15.568583333333335,1.597,OK
598,2009,19.929,8.559083333333332,-2.036,OG
599,2009,21.947,9.65075,-6.074,PA
600,2009,22.269,9.70475,-4.834,RI
601,2009,26.935,17.515833333333337,7.199,SC
602,2009,20.489,6.7669999999999995,-9.925,SD
603,2009,24.669,14.437166666666668,1.741,TN
604,2009,29.159,18.832583333333336,6.09,TX
605,2009,22.565,8.830083333333333,-5.981,UT
606,2009,19.593,6.1935,-11.21,VT
607,2009,24.492,13.268916666666668,0.4079999999999999,VA
608,2009,19.764,8.047583333333334,-3.039,WA
609,2009,22.565,11.411083333333332,-2.608,WV
610,2009,18.71,6.204666666666665,-13.702,WI
611,2009,17.840999999999998,5.199916666666666,-9.593,WY
612,2010,28.844,17.460583333333332,4.617,AL
613,2010,11.441,-3.454916666666667,-20.947,AK
614,2010,27.859,15.797999999999996,5.294,AZ
615,2010,29.293000000000003,16.471416666666666,2.466,AR
616,2010,24.508000000000003,14.408166666666668,7.316,CA
617,2010,20.489,7.758666666666667,-4.363,CO
618,2010,23.859,11.057416666666667,-1.947,CT
619,2010,26.063,13.313333333333333,0.032,DE
620,2010,26.520000000000003,13.280833333333332,-0.7410000000000001,DC
621,2010,28.94400000000001,21.28066666666667,11.175,FL
622,2010,28.474,17.7615,4.984999999999999,GA
623,2010,24.104,22.76183333333334,21.059,HI
624,2010,17.802,5.920166666666667,-3.855,ID
625,2010,25.827,12.002250000000002,-5.334,IL
626,2010,25.53,11.990833333333335,-4.256,IN
627,2010,24.537,9.645416666666668,-9.59,IA
628,2010,27.077,13.231,-2.569,KS
629,2010,26.355,13.70375,-1.4650000000000003,KY
630,2010,29.81,19.47791666666667,7.367000000000001,LA
631,2010,20.691,7.181166666666666,-6.263,ME
632,2010,26.22,13.381250000000001,-0.452,MD
633,2010,23.055,9.826916666666667,-3.795,MA
634,2010,22.097,8.663583333333333,-5.533,MI
635,2010,21.666,6.282333333333333,-12.48,MN
636,2010,29.37,18.075749999999996,5.170999999999999,MS
637,2010,26.786,13.258500000000003,-3.683,MO
638,2010,18.131,5.426750000000001,-7.145,MT
639,2010,24.351,9.925,-5.54,NE
640,2010,23.582,10.032833333333334,-0.048,NV
641,2010,21.885,8.019,-6.065,NH
642,2010,25.384,12.267416666666664,-1.151,NJ
643,2010,23.258000000000003,12.452250000000001,0.7510000000000001,NM
644,2010,22.722,9.141583333333335,-5.019,NY
645,2010,26.732,15.355416666666663,1.2249999999999996,NC
646,2010,21.006,5.25875,-12.334,ND
647,2010,24.767,11.398583333333335,-3.726,OH
648,2010,29.321,16.084916666666665,1.864,OK
649,2010,18.533,8.574583333333335,0.903,OG
650,2010,23.737,10.5745,-3.305,PA
651,2010,23.799,11.031416666666667,-1.9370000000000005,RI
652,2010,28.258000000000006,17.402583333333336,3.984,SC
653,2010,23.545,7.677666666666666,-9.234,SD
654,2010,27.028,14.685250000000003,0.4430000000000001,TN
655,2010,29.393,18.498583333333332,6.609,TX
656,2010,22.489,8.804166666666667,-3.051,UT
657,2010,21.667,7.777666666666668,-6.3610000000000015,VT
658,2010,25.966,13.658500000000002,-0.8400000000000003,VA
659,2010,17.986,8.442166666666667,-0.07,WA
660,2010,24.227,11.723166666666666,-3.055,WV
661,2010,22.245,7.869250000000001,-9.003,WI
662,2010,18.698,5.7564166666666665,-5.727,WY
663,2011,28.281,18.12425,5.297000000000001,AL
664,2011,11.393,-3.793416666666667,-17.516000000000002,AK
665,2011,28.12,15.774000000000001,3.997,AZ
666,2011,29.654000000000003,16.866083333333332,3.093,AR
667,2011,24.032,14.265749999999999,6.2570000000000014,CA
668,2011,21.248,7.392250000000001,-4.816999999999998,CO
669,2011,23.269,10.831166666666666,-3.625,CT
670,2011,26.199,13.689666666666662,-1.169,DE
671,2011,26.895000000000003,13.557250000000002,-1.709,DC
672,2011,29.074,22.595916666666668,13.571,FL
673,2011,28.42,18.724,5.997000000000001,GA
674,2011,24.213,22.85275,21.505,HI
675,2011,18.82,5.425666666666667,-5.21,ID
676,2011,27.138,12.111833333333331,-4.81,IL
677,2011,26.81,12.17525,-4.33,IN
678,2011,26.404,9.723083333333333,-8.977,IA
679,2011,29.891,13.196166666666668,-2.53,KS
680,2011,27.067,14.21475,-0.96,KY
681,2011,30.663,20.209666666666667,8.426,LA
682,2011,19.843,6.225666666666666,-8.751999999999999,ME
683,2011,26.434,13.792333333333332,-1.031,MD
684,2011,22.434,9.419583333333334,-5.803999999999999,MA
685,2011,22.68,7.833083333333334,-7.927999999999999,MI
686,2011,22.89,5.835416666666667,-14.519,MN
687,2011,29.011000000000006,18.590333333333334,6.095,MS
688,2011,28.722,13.496916666666666,-2.9240000000000004,MO
689,2011,19.488,5.400166666666667,-8.725,MT
690,2011,25.975,9.630583333333332,-6.437,NE
691,2011,22.82,9.771083333333335,-1.106,NV
692,2011,21.192,7.4744166666666665,-8.291,NH
693,2011,25.333,12.39733333333333,-2.939,NJ
694,2011,25.04,12.734,-0.5419999999999998,NM
695,2011,22.669,9.007583333333333,-6.901,NY
696,2011,26.985,16.119333333333334,2.675,NC
697,2011,22.257,5.16125,-14.052,ND
698,2011,25.871,11.717,-4.428,OH
699,2011,32.2,16.896250000000002,1.886,OK
700,2011,19.0,8.077583333333331,0.3429999999999999,OG
701,2011,24.231,10.735916666666668,-4.8660000000000005,PA
702,2011,23.199,10.78425,-3.627,RI
703,2011,28.537,18.296916666666664,5.226,SC
704,2011,24.799000000000003,7.470083333333332,-10.247,SD
705,2011,27.09,15.237250000000001,1.1709999999999998,TN
706,2011,31.401,19.718083333333336,7.121,TX
707,2011,22.405,8.436666666666666,-3.796,UT
708,2011,21.116,7.32675,-8.64,VT
709,2011,26.081,14.291750000000002,0.1969999999999998,VA
710,2011,18.366,7.619333333333334,-0.6340000000000001,WA
711,2011,24.790000000000006,12.429333333333334,-2.39,WV
712,2011,23.248,7.191166666666665,-10.486,WI
713,2011,19.922,5.3122500000000015,-7.508000000000001,WY
714,2012,28.119,18.734916666666667,10.29,AL
715,2012,11.425999999999998,-5.280666666666668,-27.039,AK
716,2012,27.21,16.752416666666665,5.3980000000000015,AZ
717,2012,29.407000000000004,17.825999999999997,7.115,AR
718,2012,25.407,15.3585,6.062,CA
719,2012,21.644,8.991999999999999,-3.802,CO
720,2012,23.287,11.633416666666669,0.6600000000000001,CT
721,2012,26.137,14.090166666666667,3.5780000000000003,DE
722,2012,26.629,13.996583333333334,2.382,DC
723,2012,28.145,22.680833333333336,16.006,FL
724,2012,28.275,19.090833333333332,10.505999999999998,GA
725,2012,24.095,22.652083333333334,21.023000000000003,HI
726,2012,20.171,6.9558333333333335,-3.987000000000001,ID
727,2012,28.156,13.523749999999998,0.1390000000000002,IL
728,2012,27.461,13.319416666666667,0.432,IN
729,2012,27.277,11.742000000000003,-2.6160000000000005,IA
730,2012,29.673,14.837083333333334,1.5,KS
731,2012,27.608,15.027583333333338,3.707,KY
732,2012,28.336,20.766166666666667,13.089,LA
733,2012,19.895,6.813500000000001,-7.367999999999999,ME
734,2012,26.469,14.189083333333334,3.2630000000000003,MD
735,2012,22.503,10.316083333333333,-1.7569999999999997,MA
736,2012,23.108,9.345500000000003,-3.3539999999999988,MI
737,2012,23.8,7.553583333333333,-8.267000000000001,MN
738,2012,28.375,19.267666666666667,10.874,MS
739,2012,29.279,15.087000000000002,2.409,MO
740,2012,21.623,6.998833333333334,-5.896,MT
741,2012,27.32,11.819333333333335,-2.323,NE
742,2012,23.677,11.319666666666668,-0.631,NV
743,2012,21.064,8.322833333333334,-5.309,NH
744,2012,25.251,12.956583333333333,1.636,NJ
745,2012,23.867,13.482833333333332,2.046,NM
746,2012,22.646,9.91475,-2.897,NY
747,2012,27.262,16.32016666666667,6.947,NC
748,2012,23.849,7.05875,-10.262,ND
749,2012,25.93,12.625583333333333,0.2869999999999999,OH
750,2012,30.409,17.678500000000003,5.8660000000000005,OK
751,2012,19.733,9.030083333333332,0.077,OG
752,2012,24.076,11.479500000000002,-0.617,PA
753,2012,23.192,11.58641666666667,0.633,RI
754,2012,28.614,18.554249999999996,9.596,SC
755,2012,26.397,9.907749999999998,-5.629,SD
756,2012,27.383000000000003,16.01416666666667,5.799,TN
757,2012,28.942,19.926416666666668,10.127,TX
758,2012,22.669,10.248583333333334,-2.58,UT
759,2012,20.883000000000003,8.153166666666666,-5.615,VT
760,2012,26.479,14.564166666666667,4.122,VA
761,2012,19.106,8.477916666666667,-0.7699999999999998,WA
762,2012,24.982000000000006,12.877,1.848,WV
763,2012,24.157000000000004,8.959166666666667,-5.667000000000001,WI
764,2012,21.363000000000003,7.306166666666667,-5.374,WY
